Vendor	Studio58Media	Videography	Springboro	Ohio	Site dead	http://www.studio58media.com/	2026-10-07
Vendor	Mike Taylor Productions	Videography	Dayton	Ohio	Site dead	https://www.miketaylorproductions.com/	2026-10-07
Vendor	Rachel Bakes & Co	Cake	Centerville	Ohio	Closed	https://www.daytondailynews.com/what-to-know/beavercreek-bakery-moving-to-centerville-with-new-plans-in-store/JFNXHLZMYBFLPC55ZPN5V2BTL4/	2026-10-07
Vendor	Complete Weddings + Events Dayton	Music	Dayton	Ohio	Franchise	https://completewedo.com/dayton/	2026-10-07
Vendor	Cake, Hope & Love	Cake	Dayton	Ohio	Social only		2026-10-07
Venue	Bath Hollow Farm		Cuyahoga Falls	Ohio	No website	https://www.bathhollowfarm.com/	2026-10-08
Venue	Birdseye Barn at Western Star		Norton	Ohio	No website	https://birdseyebarn.com/	2026-10-08
Venue	The Little Red Barn		North Lawrence	Ohio	No website	https://thelittleredbarn.net/	2026-10-08
Venue	The Wooster Inn		Wooster	Ohio	Site dead	https://www.woosterinn.com	2026-10-08
Venue	The Henry (Henry Manor Events)		Lancaster	Ohio	No website	https://henrymanorevents.com/	2026-10-08
Venue	Jorgensen Farms		Westerville	Ohio	Site dead	https://jorgensen-farms.com/	2026-10-08
Venue	The Event Center at Violet Woods		Pickerington	Ohio	Site dead	https://wigwameventcenter.com/	2026-10-08
Venue	The Barn at Heather Glen		Sugar Grove	Ohio	Site dead	https://visitfairfieldcounty.org/listings/the-barn-at-heather-glen/	2026-10-08
Venue	Canyon Run Ranch		Pleasant Hill	Ohio	Site dead	https://www.canyonrunranch.com	2026-10-08
Venue	The Barn of Hidden Valley		Alexandria	Ohio	No website	https://zola.com/wedding-vendors/wedding-venues/the-barn-of-hidden-valley	2026-10-08
Venue	Swan Lake Event Center		Powell	Ohio	No website	https://zola.com/wedding-vendors/wedding-venues/swan-lake-event-center	2026-10-08
Venue	The Dempsey Event Center		Delaware	Ohio	No website	https://cameronmitchellpremierevents.com/directory/dempsey-event-center/	2026-10-08
Venue	Everal Barn and Homestead		Westerville	Ohio	Closed	https://www.visitwesterville.org/westervilleohio_theperfectweddingweekenddestination/	2026-10-08
Venue	The Trout Club		Newark	Ohio	Inactive	http://www.thetroutclub.com/weddings-at-licking-springs-cc/	2026-10-08
Venue	The Barn at Old Frasier Farm		Newark	Ohio	Social only	https://www.facebook.com/thebarnatoldfrasierfarm/	2026-10-08
Venue	Blessings Farmstead		Lancaster	Ohio	Social only	https://www.facebook.com/BlessingsFarmstead/	2026-10-08
Venue	Pinecroft at Crosley Estate		Cincinnati	Ohio	No website	https://cincinnatipreservation.org/pinecroft-at-crosley-estate/	2026-10-08
Venue	The Lempicka by Jeff Ruby		Cincinnati	Ohio	No website	https://www.jeffruby.com/event-center	2026-10-08
Venue	NCR Country Club		Kettering	Ohio	Site dead	https://www.ncrcountryclub.com	2026-10-08
Venue	Centre Park of West Chester		West Chester	Ohio	Site dead	https://www.centreparkofwestchester.com/	2026-10-08
Venue	The Marmalade Lily		Loveland	Ohio	Site dead	https://themarmaladelily.com	2026-10-08
Venue	Parker Barn		Copley	Ohio	Site dead	https://parkerbarnvenue.com/	2026-10-08
Venue	The Bicentennial Barn		Huber Heights	Ohio	Site dead	https://bicentennialbarn.com	2026-10-08
Venue	The Landing Event Center		Loveland	Ohio	Site dead	https://landingeventcenter.com/weddings/	2026-10-08
Venue	Brookshire		Delaware	Ohio	Site dead	https://brookshire.biz/wedding-venue-powell-ohio/	2026-10-08
