Kind	Name	Category	City	State	Reason	Link	Date
Vendor	Cake Professor	Cake	Columbia	South Carolina	Closed	https://cakeprofessor.com	2026-10-07
Vendor	Ally & Eloise Bakeshop	Cake	Columbia	South Carolina	Social only	https://www.allyandeloise.com	2026-10-07
Vendor	Bakin' It Cakes & Sweets	Cake	Lexington	South Carolina	Social only	https://www.bakinitcakesandsweets.com	2026-10-07
Venue	Belle Isle Yacht Club		Georgetown	South Carolina	Site dead	http://belleislesc.com	2026-10-08
Venue	Waterside Retreat		Murrells Inlet	South Carolina	Site dead	http://www.murrellsinletbedandbreakfast.com/	2026-10-08
Venue	South Carolina Maritime Park		Georgetown	South Carolina	Closed	http://scmaritimepark.com	2026-10-08
Venue	Brookgreen Gardens		Murrells Inlet	South Carolina	Site dead	https://www.brookgreen.org/private-events	2026-10-08
Venue	DoubleTree Resort by Hilton Myrtle Beach Oceanfront		Myrtle Beach	South Carolina	Franchise	https://www.hilton.com/en/hotels/myrdtdt-doubletree-resort-myrtle-beach-oceanfront/events/	2026-10-08
Venue	Myrtle Beach Marriott Resort & Spa at Grande Dunes		Myrtle Beach	South Carolina	Franchise	https://www.marriott.com/en-us/hotels/myrgd-marriott-myrtle-beach-resort-and-spa-at-grande-dunes/events/meeting-event-space/	2026-10-08
Venue	Bay Watch Resort		North Myrtle Beach	South Carolina	Franchise	https://www.vacasa.com/usa/Baywatch-Resort/	2026-10-08
Venue	The Blessed Barn		Aynor	South Carolina	Site dead	https://www.weddingwire.com/biz/the-blessed-barn/0058428e08b2ab13.html	2026-10-08
Venue	Thompson Family Farm at Bucksville		Conway	South Carolina	Site dead	https://thompsonfamilyfarm.com	2026-10-08
Venue	The Cooper House Event Center		Socastee	South Carolina	No website	https://theknot.com/marketplace/the-cooper-house-myrtle-beach-sc-772350	2026-10-08
Venue	The Brentwood		Little River	South Carolina	No website	https://zola.com/wedding-vendors/wedding-venues/the-brentwood	2026-10-08
Venue	The Inlet Sports Lodge		Murrells Inlet	South Carolina	No website	https://wedding-spot.com/venue/11212/the-inlet-sports-lodge	2026-10-08
Venue	Pelican Inn		Pawleys Island	South Carolina	Site dead	https://www.pawleysislandrealty.com/wedding-and-events	2026-10-08
