Name	City	State	Latitude	Longitude	Venue type	Setting	Capacity	Description	Email	Phone	Website
Willow Sky Ranch	Willow City	Texas	30.42049	-98.69231	Barn / Rustic	Indoor & Outdoor	125	Family-run 75-acre ranch on the Willow City Loop with an oak-shaded ceremony site, an indoor hall and lodging for 20.	info@willowskyranch.com	(830) 998-5683	https://willowskyranch.com
Grand Oaks Ranch	Fredericksburg	Texas	30.32493	-98.79376	Garden / Outdoor	Outdoor	100	Private 22-acre ranch booked by the weekend, with a farmhouse and six silo homes sleeping 56 and a poolside cocktail hour.		(830) 998-3392	https://www.grandoaksranchfbg.com
Contigo Ranch	Fredericksburg	Texas	30.43922	-98.81132	Barn / Rustic			Ranch north of town with historic cabins and modern cottages for guests, and longhorns and Highland cattle on the land.	info@contigoranch.com	(830) 685-3464	https://contigoranchfredericksburg.com
Hoffman Haus	Fredericksburg	Texas	30.26758	-98.86605	Historic / Estate	Indoor & Outdoor	150	Inn a few blocks from Main Street with a garden ceremony site, a reception hall in an 1840s tobacco barn and 22 rooms on site.	info@hoffmanhaus.com	(830) 997-6739	https://www.hoffmanhaus.com
Becker Vineyards	Fredericksburg	Texas	30.20311	-98.70904	Restaurant / Vineyard	Indoor & Outdoor	300	Estate winery near Stonewall with a covered pavilion facing the sunset for up to 300 and the smaller Lavender Haus for about 100.	info@beckerwines.com	(830) 644-2681	https://www.beckervineyards.com
Barons CreekSide	Fredericksburg	Texas	30.26166	-98.85148	Restaurant / Vineyard	Outdoor		Cabin resort on 26 acres with two creeks and a vineyard, hosting weddings and elopements outdoors among the vines.	stay@baronscreekside.com	(830) 990-4048	https://www.baronscreekside.com
The Riverhill Mansion	Kerrville	Texas	30.02273	-99.13730	Historic / Estate	Indoor & Outdoor	150	Early-1900s mansion on a private country club, with ceremonies by the water, on the lawn or inside; the banquet hall seats 150.		(830) 896-1400	https://riverhillmansion.com
Y.O. Ranch Hotel	Kerrville	Texas	30.06631	-99.11735	Ballroom / Hotel	Indoor	600	Western-themed hotel with over 11,000 sq ft of event space, a ballroom for up to 600 and in-house catering.	reservations@yoranchhotel.com	(830) 257-4440	https://www.yoranchhotel.com
Inn of the Hills	Kerrville	Texas	30.05811	-99.16276	Ballroom / Hotel	Indoor	600	Hotel and conference centre with a 20-foot-ceilinged ballroom for up to 600 and smaller rooms from 10 guests.	reservations@innofthehills.com	(830) 895-5000	https://www.innofthehills.com
Roddy Tree Ranch	Ingram	Texas			Garden / Outdoor	Outdoor	60	Small-wedding site on a 50-acre ranch, with an arch on the Guadalupe River bank and a part-covered pavilion with bar and kitchen.	keith@roddytree.com		https://www.roddytree.com
Spinelli's	Comfort	Texas	29.96641	-98.91262	Historic / Estate	Indoor & Outdoor	250	All-inclusive venue built around a century-old rock chapel, with a dining hall, dance hall, gardens and two guest houses.	info@dreamweddingtx.com	(830) 446-0264	https://www.spinellisvistro.com
Camp Comfort	Comfort	Texas	29.96396	-98.91204	Historic / Estate	Indoor & Outdoor		Restored 1860s landmark on Cypress Creek, now a small hotel, with an 1870 social hall, a creekside lawn and an outdoor stage.		(877) 836-1748	https://camp-comfort.com
Mayan Dude Ranch	Bandera	Texas	29.72050	-99.08797	Barn / Rustic	Indoor & Outdoor		Family-run dude ranch since 1951 on 348 acres along the Medina River, with lodging and indoor and outdoor event spaces.	mayan@mayanranch.com	(830) 796-3312	https://www.mayanranch.com
River Yurt Village	Bandera	Texas			Garden / Outdoor	Indoor & Outdoor	175	Glamping site on 21 acres by the Medina River: a covered pavilion, an optional air-conditioned hall, and yurts sleeping 40 in the package.	riveryurtvillagemanagement@gmail.com	(726) 238-8188	https://riveryurtvillage.com
